components,explained_variance,silhouette_score
50,0.10270487111234193,0.09559434059591196
100,0.16462121967556434,0.06202356210576097
200,0.26373418460708686,0.044589788906441295
